date,pk_time,generation,import,recorded_pk_availablity,export,demd_met@pk_time,interruption,deficit,pk_demd_met,net_exchange_with_india
2079/05/30,19:00,1796,0,1796,241,1555,0,0,1555,-241
2079/06/10,18:30,1868,54,1922,300,1622,0,0,1622,-246
2079/05/26,19:00,1838,66,1904,225,1679,0,0,1679,-159
2079/06/02,18:55,1848,0,1848,286,1562,0,0,1562,-286
2079/06/01,18:55,1299,0,1299,19,1280,0,0,1280,-19
2079/06/06,18:40,1821,44,1864,208,1656,0,0,1656,-164.1
2079/05/25,19:00,1778,82,1860,245,1615,25,0,1640,-162.7
2079/05/20,19:20,1900,47,1947,239,1708,0,0,1708,-192
2079/06/14,18:40,1819,63,1882,231,1650,0,0,1650,-168.4
2079/06/03,18:45,1823,43,1866,323,1543,0,0,1543,-280
2079/06/04,18:50,1836,42,1878,224,1654,0,0,1654,-182.5
2079/05/31,18:50,1775,0,1775,298,1477,0,0,1477,-298
2079/05/27,19:00,1833,33,1866,281,1585,0,0,1585,-247.6
2079/05/22,19:10,1859,47,1905,210,1695,20,0,1715,-163.3
2079/05/29,19:00,1771,71,1842,253,1589,0,0,1589,-181.7
2079/06/11,18:35,1891,70,1961,241,1720,0,0,1720,-170.8
2079/06/21,18:35,1526,0,1526,405,1121,0,0,1121,-405
2079/06/05,18:55,1799,51,1850,180,1670,0,0,1670,-128.4
2079/06/18,18:35,1546,30,1576,415,1161,0,0,1161,-385
2079/06/20,18:35,1525,16,1541,410,1131,0,0,1131,-394.1
2079/06/23,18:35,1683,0,1683,387,1296,0,0,1296,-387
2079/06/08,18:45,1786,30,1816,213,1603,0,0,1603,-183.4
2079/05/21,19:15,1862,49,1912,272,1639,20,0,1659,-223
2079/06/16,18:35,1871,20,1892,330,1562,0,0,1562,-309.8
2079/06/17,18:40,1735,0,1735,391,1344,0,0,1344,-391
2079/06/12,18:45,1899,61,1960,203,1757,0,0,1757,-142
2079/05/23,19:10,1879,74,1953,271,1682,0,0,1682,-197.1
2079/05/28,19:00,1829,47,1876,263,1613,0,0,1613,-215.8
2079/05/24,19:05,1833,51,1884,272,1612,0,0,1612,-220.7
2079/06/19,18:35,1416,28,1444,389,1055,0,0,1055,-360.76
2079/06/22,18:35,1552,31,1583,313,1269,0,0,1269,-282.5
2079/06/13,18:40,1870,70,1939,220,1719,0,0,1719,-150.5
2079/06/15,18:40,1850,0,1850,321,1529,0,0,1529,-321.3
2079/06/09,18:40,1892,40,1931,220,1711,0,0,1711,-180.7
2079/06/07,18:45,1834,33,1867,133,1734,12,0,1746,-100.1
2079/06/24,18:35,1674,13,1687,307,1380,0,0,1380,-294.3
2079/06/25,18:35,1565,32,1597,205,1392,0,0,1392,-172.9
2079/06/27,18:20,1677,44,1721,214,1507,0,0,1507,-170
2079/06/28,18:20,1639,75,1714,248,1466,0,0,1466,-173
2079/06/29,18:20,1633,65,1698,295,1403,0,0,1403,-230.3
2079/06/30,18:20,1657,71,1727,232,1495,0,0,1495,-161.4
2079/06/31,18:20,1671,71,1742,252,1490,0,0,1490,-181
2079/07/01,18:25,1630,48,1679,276,1403,0,0,1403,-227.7
2079/07/02,18:20,1669,54,1723,264,1459,0,0,1459,-210
2079/07/03,18:20,1689,40,1729,264,1465,0,0,1465,-224.5
2079/07/04,18:20,1689,14,1702,251,1451,0,0,1451,-237.5
2079/07/05,18:20,1760,14,1774,408,1366,0,0,1366,-393.7
2079/07/06,18:20,1755,0,1755,404,1351,0,0,1351,-404
2079/07/07,18:20,1711,0,1711,406,1305,0,0,1305,-406
2079/07/08,18:20,1366,0,1366,0,1366,0,0,1366,0
2079/07/09,18:20,1359,0,1359,113,1246,0,0,1246,-113.1
2079/07/10,18:20,1263,0,1263,138,1125,0,0,1125,-138
2079/07/11,18:20,1333,0,1333,103,1231,0,0,1231,-102.5
2079/07/12,18:20,1314,0,1314,111,1203,0,0,1203,-111
2079/07/13,18:10,1316,0,1316,121,1195,0,0,1195,-121
2079/07/14,18:10,1332,0,1332,48,1284,0,0,1284,-48
2079/07/15,18:10,1334,0,1334,30,1304,0,0,1304,-30
2079/07/16,18:10,1304,10,1315,0,1315,40,0,1355,10.4
2079/07/17,18:10,1306,94,1400,0,1400,20,0,1420,94
2079/07/18,18:10,1577,0,1577,188,1388,0,0,1388,-188.3
2079/07/19,18:05,1563,0,1563,271,1292,0,0,1292,-271
2079/07/20,18:00,1634,0,1634,231,1403,0,0,1403,-231
2079/07/21,17:55,1678,0,1678,294,1384,0,0,1384,-294
2079/07/22,18:55,1719,0,1719,301,1418,0,0,1418,-301
2079/07/23,17:55,1704,0,1704,292,1412,0,0,1412,-292
2079/07/24,18:00,1693,0,1693,330,1364,0,0,1364,-329.6
2079/07/25,18:00,1689,0,1689,240,1449,0,0,1449,-240
2079/07/26,18:00,1572,0,1572,308,1264,0,0,1264,-308
2079/07/27,18:00,1651,0,1651,230,1421,0,0,1421,-230
2079/07/28,18:00,1645,0,1645,247,1398,0,0,1398,-246.6
2079/07/29,18:00,1622,0,1622,234,1388,0,0,1388,-233.7
2079/07/30,17:55,1595,37,1632,226,1407,0,0,1407,-188.7
2079/08/01,18:00,1627,0,1627,230,1397,0,0,1397,-230
2079/08/02,17:55,1571,0,1571,190,1381,0,0,1381,-190
2079/08/03,17:55,1577,0,1577,319,1258,0,0,1258,-319
2079/08/04,17:55,1524,0,1524,430,1094,0,0,1094,-430
2079/08/05,17:55,1549,0,1549,207,1342,0,0,1342,-207
2079/08/06,17:55,1668,0,1668,207,1461,0,0,1461,-207
2079/08/07,17:55,1659,0,1659,185,1474,0,0,1474,-185
2079/08/08,18:00,1637,0,1637,241,1396,0,0,1396,-241
2079/08/09,18:00,1716,0,1716,229,1487,0,0,1487,-229
2079/08/10,18:00,1613,0,1613,258,1355,0,0,1355,-258
2079/08/11,17:55,1666,0,1666,206,1459,0,0,1459,-206
2079/08/12,17:50,1679,0,1679,222,1457,0,0,1457,-222
2079/08/13,17:55,1713,0,1713,182,1531,0,0,1531,-182
2079/08/14,17:50,1685,40,1725,202,1523,0,0,1523,-162
2079/08/15,17:50,1690,39,1729,199,1530,0,0,1530,-160
2079/08/16,18:00,1666,44,1711,185,1526,0,0,1526,-141
2079/08/17,18:00,1591,33,1624,211,1413,0,0,1413,-179
2079/08/18,18:00,1658,34,1692,160,1531,0,0,1531,-127
2079/08/18,17:55,1655,18,1673,212,1461,50,0,1511,-194
2079/08/20,17:55,1658,64,1722,197,1525,0,0,1525,-133
2079/08/21,17:55,1639,48,1687,180,1507,0,0,1507,-132
2079/08/22,17:50,1628,48,1676,182,1494,0,0,1494,-133
2079/08/23,17:55,1578,48,1626,156,1470,0,0,1470,-108
2079/08/24,17:55,1539,18,1556,150,1406,0,0,1406,-132
2079/08/25,17:55,1580,56,1636,156,1480,0,0,1480,-100
2079/08/26,17:55,1587,51,1639,108,1531,0,0,1531,-57
2079/08/27,17:55,1630,55,1686,137,1548,0,0,1548,-82
2079/08/28,17:45,1610,60,1670,100,1570,0,0,1570,-40
2079/08/29,17:45,1621,54,1675,80,1595,0,0,1595,-27
2079/09/01,17:45,1543,45,1588,6,1582,0,0,1582,39
2079/09/02,17:50,1355,62,1417,0,1417,95,0,1512,62
2079/09/03,17:40,1545,62,1607,2,1605,0,0,1605,61
2079/09/04,17:45,1542,56,1597,2,1596,0,0,1596,54
2079/09/05,17:50,1499,53,1552,0,1552,30,0,1582,53
2079/09/06,17:45,1596,58,1654,0,1654,0,0,1654,58
2079/09/07,17:50,1507,103,1610,0,1610,50,0,1660,103
2079/09/08,17:45,1549,111,1660,0,1660,0,0,1660,111
2079/09/09,17:55,1473,62,1534,0,1534,0,0,1534,62
2079/09/10,17:55,1452,197,1648,0,1648,0,0,1648,197
2079/09/11,17:45,1526,158,1684,0,1684,0,0,1684,158
2079/09/12,17:55,1471,177,1648,0,1648,20,0,1668,177
2079/09/13,17:50,1523,130,1652,0,1652,30,0,1682,130
2079/09/14,17:55,1454,145,1599,0,1599,80,0,1679,145
2079/09/15,17:55,1302,239,1541,0,1541,100,0,1641,239
2079/09/16,17:40,1280,138,1418,0,1418,0,0,1418,138
2079/09/17,17;55,1305,354,1660,0,1660,0,0,1660,354
2079/09/18,17;55,1500,204,1704,0,1704,40,0,1744,204
2079/09/19,17:50,1298,338,1636,0,1636,100,0,1736,338
2079/09/20,17:50,1331,398,1729,0,1729,100,0,1829,398
2079/09/21,17:55,1387,215,1602,0,1602,170,0,1772,215
2079/09/22,17:50,1346,285,1631,0,1631,180,0,1811,285
2079/09/23,17:55,1188,231,1419,0,1419,180,0,1599,231
2079/09/24,17:55,1243,450,1692,0,1692,70,0,1762,450
2079/09/25,17:55,1353,328,1680,0,1680,150,0,1830,328
2079/09/26,18:10,1340,240,1580,0,1580,260,0,1840,240
2079/09/27,18:00,1350,203,1553,0,1553,240,0,1793,203
2079/09/28,18:15,1347,226,1573,0,1573,250,0,1823,226
2079/09/29,18:05,1253,285,1538,0,1538,240,0,1778,285
2079/09/30,18:10,1126,265,1391,0,1391,200,0,1591,265
2079/10/01,18:10,999,451,1450,0,1450,170,0,1620,451
2079/10/02,18:05,1130,457,1587,0,1587,200,0,1787,457
2079/10/03,18:05,1110,516,1626,0,1626,170,0,1796,516
2079/10/04,18:05,1060,477,1537,0,1537,220,0,1757,477
2079/10/05,18:05,1060,479,1539,0,1539,200,0,1739,479
2079/10/06,18:15,1140,351,1491,0,1491,200,0,1691,351
2079/10/07,18:15,1087,344,1430,0,1430,200,0,1630,344
2079/10/08,18:15,1071,404,1475,0,1475,200,0,1675,404
2079/10/09,18:20,1084,451,1535,0,1535,170,0,1705,451
2079/10/10,18:25,1121,403,1524,0,1524,220,0,1744,403
2079/10/11,18:20,1048,435,1483,0,1483,200,0,1683,435
2079/10/12,18:25,1064,416,1480,0,1480,180,0,1660,416
2079/10/13,18:20,1001,456,1457,0,1457,180,0,1637,456
2079/10/14,18:25,933,441,1374,0,1374,140,0,1514,441
2079/10/15,18:20,1050,415,1465,0,1465,170,0,1635,415
2079/10/16,18:20,1065,437,1502,0,1502,170,0,1672,437
2079/10/17,18:25,1041,429,1470,0,1470,180,0,1650,429
2079/10/18,18:25,1088,386,1474,0,1474,160,0,1634,386
2079/10/19,18:30,1100,390,1490,0,1490,200,0,1690,390
2079/10/20,18:25,1000,442,1442,0,1442,200,0,1642,442
2079/10/21,18:25,915,477,1392,0,1392,100,0,1492,477
2079/10/22,18:20,1022,453,1475,0,1475,200,0,1675,453
2079/10/23,18:30,1042,426,1468,0,1468,180,0,1648,426
2079/10/24,18:25,971,505,1475,0,1475,180,0,1655,505
2079/10/25,18:25,1003,493,1496,0,1496,170,0,1666,493
2079/10/26,18:20,1101,419,1521,0,1521,200,0,1721,419
2079/10/27,18:25,945,478,1422,0,1422,175,0,1597,478
2079/10/28,18:30,1060,315,1375,0,1375,170,0,1545,315
2079/10/29,18:30,926,505,1432,0,1432,160,0,1592,505
2079/11/01,18:30,1045,488,1533,0,1533,160,0,1693,488
2079/11/02,18:30,1042,426,1468,0,1468,160,0,1628,426
2079/11/03,18:30,1156,327,1483,0,1483,160,0,1643,327
2079/11/04,18:30,1176,309,1486,0,1486,150,0,1636,309
2079/11/05,18:30,1217,261,1478,0,1478,130,0,1608,261
2079/11/06,18:30,1078,259,1337,0,1337,70,0,1407,259
2079/11/07,18:30,955,478,1433,0,1433,160,0,1593,478
2079/11/08,18:30,1109,383,1492,0,1492,160,0,1652,383
2079/11/09,18:30,1052,438,1490,0,1490,150,0,1640,438
2079/11/10,18:25,945,469,1414,0,1414,160,0,1574,469
2079/11/11,18:35,1129,350,1480,0,1480,200,0,1680,350
2079/11/12,18:30,1102,332,1434,0,1434,200,0,1634,332
2079/11/13,18:35,947,394,1341,0,1341,180,0,1521,394
2079/11/14,18:35,1047,470,1517,0,1517,180,0,1697,470
2079/11/15,18:30,1180,185,1365,0,1365,320,0,1685,185
2079/11/16,18:30,1053,430,1483,0,1483,180,0,1663,430
2079/11/17,18:30,955,565,1521,0,1521,160,0,1681,565
2079/11/18,18:30,914,548,1461,0,1461,180,0,1641,548
2079/11/19,18:35,948,530,1479,0,1479,150,0,1629,530
2079/11/20,18:30,886,532,1418,0,1418,80,0,1498,532
2079/11/21,18:30,943,574,1517,0,1517,100,0,1617,574
2079/11/22,18:30,1027,252,1279,0,1279,150,0,1429,252
2079/11/23,18:35,899,451,1350,0,1350,0,0,1350,451
2079/11/24,18:35,889,473,1362,0,1362,0,0,1362,473
2079/11/25,18:30,896,553,1448,0,1448,100,0,1548,553
2079/11/26,18:35,926,532,1458,0,1458,150,0,1608,532
2079/11/27,18:40,866,521,1387,0,1387,150,0,1537,521
2079/11/28,18:40,940,589,1528,0,1528,100,0,1628,589
2079/11/29,18:40,903,544,1447,0,1447,180,0,1627,544
2079/11/30,18:45,936,558,1493,0,1493,180,0,1673,558
2079/12/01,18:45,967,514,1481,0,1481,150,0,1631,514
2079/12/02,18:45,944,578,1522,0,1522,150,0,1672,578
2079/12/03,18:50,994,483,1476,0,1476,200,0,1676,483
2079/12/04,18:45,862,558,1420,0,1420,150,0,1570,558
2079/12/05,18:40,931,558,1489,0,1489,130,0,1619,558
2079/12/06,18:35,940,519,1459,0,1459,130,0,1589,519
2079/12/07,18:40,1001,476,1477,0,1477,50,0,1527,476
2079/12/08,18:40,1009,505,1514,0,1514,75,0,1589,505
2079/12/09,18:40,990,501,1491,0,1491,150,0,1641,501
2079/12/10,18:45,979,485,1463,0,1463,170,0,1633,485
2079/12/11,18:45,1033,414,1447,0,1447,100,0,1547,414
2079/12/12,18:45,1052,475,1527,0,1527,100,0,1627,475
2079/12/13,18:40,870,561,1431,0,1431,225,0,1656,561
2079/12/14,18:50,1025,468,1492,0,1492,150,0,1642,468
2079/12/15,18:50,889,571,1460,0,1460,150,0,1610,571
2079/12/16,18:45,929,514,1443,0,1443,200,0,1643,514
2079/12/17,18:45,785,476,1261,0,1261,80,0,1341,476
2079/12/18,19:00,1126,142,1269,0,1269,120,0,1389,142
2079/12/19,19:00,994,488,1482,0,1482,100,0,1582,488
2079/12/20,18:50,1076,446,1522,0,1522,150,0,1672,446
2079/12/21,18:50,1109,399,1508,0,1508,150,0,1658,399
2079/12/23,18:55,1051,439,1490,0,1490,200,0,1690,439
2079/12/24,19:00,1001,480,1482,0,1482,210,0,1692,480
2079/12/25,18:55,959,436,1395,0,1395,180,0,1575,436
2079/12/26,19:00,1055,453,1508,0,1508,200,0,1708,453
2079/12/27,18:55,1051,458,1509,0,1509,200,0,1709,458
2079/12/28,18:55,925,665,1590,0,1590,225,0,1815,665
2079/12/29,18:50,930,566,1496,0,1496,200,0,1696,566
2079/12/30,19:00,912,629,1540,0,1540,220,0,1760,629
2080/01/01,19:10,969,484,1453,0,1453,190,0,1643,484
2080/01/02,19:00,1142,404,1546,0,1546,220,0,1766,404
2080/01/03,19:05,850,656,1506,0,1506,320,0,1826,656
2080/01/4,19:00,1081,415,1496,0,1496,390,0,1886,415
2080/01/5,19:00,1064,473,1538,0,1538,250,0,1788,473
2080/01/6,19:00,983,602,1585,0,1585,260,0,1845,602
2080/01/7,19:00,1050,455,1505,0,1505,320,0,1825,455
2080/01/8,19:10,875,548,1423,0,1423,200,0,1623,548
2080/01/9,19:10,865,673,1538,0,1538,220,0,1758,673
2080/01/10,18:55,855,593,1448,0,1448,180,0,1628,593
2080/01/11,18:55,866,582,1448,0,1448,180,0,1628,582
2080/01/12,19:00,984,560,1544,0,1544,210,0,1754,560
2080/01/13,19:15,934,601,1535,0,1535,300,0,1835,601
2080/01/14,19:20,937,548,1485,0,1485,280,0,1765,548
2080/01/15,19:25,857,583,1440,0,1440,280,0,1720,583
2080/01/16,19:10,1060,540,1600,0,1600,60,0,1660,540
2080/01/17,19:10,970,504,1474,0,1474,130,0,1604,504
2080/01/18,19:10,1267,99,1366,0,1366,95,0,1461,99
2080/01/19,19:15,1030,524,1555,0,1555,80,0,1635,524
2080/01/20,19:10,966,487,1453,0,1453,120,0,1573,487
2080/01/21,19:20,1320,372,1692,0,1692,0,0,1692,372
2080/01/22,19:15,1266,362,1628,0,1628,150,0,1778,362
2080/01/23,19:20,1103,390,1493,0,1493,175,0,1668,390
2080/01/24,19:20,1182,429,1610,0,1610,170,0,1780,429
2080/01/25,19:20,1207,484,1692,0,1692,150,0,1842,484
2080/01/26,19:20,1205,479,1684,0,1684,160,0,1844,479
2080/01/27,19:15,1191,454,1645,0,1645,250,0,1895,454
2080/01/28,19:15,1052,562,1614,0,1614,325,0,1939,562
2080/01/29,19:10,957,674,1631,0,1631,260,0,1891,674
2080/01/30,19:20,928,633,1561,0,1561,200,0,1761,633
2080/01/31,19:10,803,535,1338,0,1338,350,0,1688,535
2080/02/1,19:15,1053,501,1555,0,1555,150,0,1705,501
2080/02/2,19:25,1045,462,1507,0,1507,120,0,1627,462
2080/02/3,19:15,995,336,1331,0,1331,200,0,1531,336
2080/02/4,19:15,1193,454,1647,0,1647,120,0,1767,454
2080/02/5,19:15,1301,148,1448,0,1448,150,0,1598,148
2080/02/6,19:20,1299,276,1576,0,1576,0,0,1576,276
2080/02/7,19:10,1262,338,1600,0,1600,100,0,1700,338
2080/02/8,19:25,1362,343,1705,0,1705,150,0,1855,343
2080/02/9,19:20,1122,355,1477,0,1477,150,0,1627,355
2080/02/10,19:15,1391,309,1700,0,1700,60,0,1760,309
2080/02/11,19:15,1134,189,1324,0,1324,0,0,1324,189
2080/02/12,19:20,1424,285,1709,0,1709,0,0,1709,285
2080/02/13,19:25,1475,30,1505,0,1505,0,0,1505,30
2080/02/14,19:25,1382,156,1537,0,1537,200,0,1737,156
2080/02/15,19:20,1383,222,1605,0,1605,150,0,1755,222
2080/02/16,19:20,1431,240,1671,0,1671,150,0,1821,240
2080/02/17,19:30,1585,165,1750,0,1750,200,0,1950,165
2080/02/18,19:25,1652,144,1796,0,1796,190,0,1986,144
2080/02/19,19:25,1662,120,1782,0,1782,160,0,1942,120
2080/02/20,19:25,1656,98,1754,0,1754,70,0,1824,98
2080/02/21,19:30,1545,219,1764,0,1764,200,0,1964,219
2080/02/22,19:30,1518,213,1731,0,1731,210,0,1941,213
2080/02/23,19:25,1599,100,1700,0,1700,200,0,1900,100
2080/02/24,19:25,1461,232,1693,0,1693,220,0,1913,232
2080/02/25,19:25,1623,110,1733,0,1733,180,0,1913,110
2080/02/26,19:30,1613,128,1741,0,1741,180,0,1921,128
2080/02/27,19:30,1576,155,1731,0,1731,100,0,1831,155
2080/02/28,19:30,1739,73,1812,30,1782,150,0,1932,43
2080/02/29,19:30,1680,73,1753,0,1753,100,0,1853,73
2080/02/30,19:30,1721,80,1801,84,1717,150,0,1867,-4
2080/02/31,19:30,1756,75,1831,84,1747,150,0,1897,-9
2080/02/32,19:30,1908,57,1966,195,1771,100,0,1871,-138
2080/03/1,19:30,1787,111,1898,100,1798,150,0,1948,11
2080/03/2,19:35,1826,59,1885,140,1745,150,0,1895,-81
2080/03/3,19:35,1696,129,1825,155,1670,150,0,1820,-26
2080/03/4,19:35,1720,52,1772,118,1654,70,0,1724,-66
2080/03/5,19:35,1860,68,1929,158,1771,70,0,1841,-90
2080/03/6,19:35,1965,62,2028,250,1778,100,0,1878,-188
2080/03/7,19:35,1943,105,2049,217,1832,100,0,1932,-112
2080/03/8,19:50,1946,79,2024,170,1854,53,0,1907,-91
2080/03/9,19:35,1853,74,1927,166,1761,0,0,1761,-92
2080/03/10,19:35,1943,86,2029,248,1781,100,0,1881,-162
2080/03/11,19:45,1970,46,2016,190,1826,70,0,1896,-144
2080/03/12,19:30,1928,112,2039,210,1829,30,0,1859,-99
2080/03/13,19:30,1985,82,2067,211,1856,0,0,1856,-129
2080/03/14,19:30,1909,39,1948,261,1687,0,0,1687,-222
2080/03/15,19:35,1936,38,1974,270,1704,0,0,1704,-232
2080/03/16,19:30,1928,22,1950,320,1630,0,0,1630,-298
2080/03/17,19:35,1939,51,1990,265,1725,0,0,1725,-214
2080/03/18,19:25,2020,18,2038,324,1714,50,0,1764,-306
2080/03/19,19:30,2017,30,2047,327,1720,0,0,1720,-297
2080/03/20,19:40,2058,39,2096,348,1749,0,0,1749,-309
2080/03/21,19:45,2017,55,2072,280,1792,0,0,1792,-225
2080/03/22,19:35,2021,57,2078,302,1776,0,0,1776,-245
2080/03/23,19:35,2058,21,2079,352,1727,0,0,1727,-331
2080/03/24,19:40,2073,76,2150,273,1877,0,0,1877,-197
2080/03/25,19:40,2029,62,2091,349,1742,30,0,1772,-287
2080/03/26,19:40,2120,51,2171,300,1871,0,0,1871,-249
2080/03/27,19:50,2053,43,2096,308,1788,0,0,1788,-265
2080/03/28,19:50,2015,42,2057,315,1742,0,0,1742,-273
2080/03/29,19:50,2070,25,2095,409,1686,0,0,1686,-384
2080/03/30,19:50,2023,19,2042,336,1706,0,0,1706,-317
2080/03/31,19:40,2114,19,2133,350,1783,0,0,1783,-331
2080/04/1,19:40,1962,3,1965,325,1640,0,0,1640,-322
2080/04/2,19:35,1963,0,1963,356,1607,0,0,1607,-356
2080/04/3,19:40,1988,36,2024,264,1760,20,0,1780,-228
2080/04/4,19:40,1998,37,2035,200,1835,50,0,1885,-163
2080/04/5,19:40,2036,28,2064,297,1767,0,0,1767,-269
2080/04/6,19:40,1959,43,2002,258,1744,60,0,1804,-215
2080/04/7,19:40,1913,74,1986,206,1781,60,0,1841,-132
2080/04/8,19:45,1978,76,2054,246,1808,0,0,1808,-170
2080/04/9,19:40,2005,44,2049,252,1797,0,0,1797,-208
2080/04/10,19:35,1994,34,2028,202,1826,0,0,1826,-168
2080/04/11,19:45,2032,14,2046,228,1818,0,0,1818,-213
2080/04/12,19:40,2027,29,2055,229,1826,0,0,1826,-200
2080/04/13,19:40,1993,0,1993,306,1687,0,0,1687,-306
2080/04/14,19:40,2043,5,2048,243,1806,0,0,1806,-237
2080/04/15,19:40,1810,27,1837,235,1602,180,0,1782,-208
2080/04/16,19:40,2054,73,2127,190,1937,20,0,1957,-117
2080/04/17,19:40,2074,20,2094,271,1823,0,0,1823,-251
2080/04/18,19:40,2074,20,2094,271,1823,0,0,1823,-251
2080/04/19,19:40,2076,24,2100,248,1852,0,0,1852,-224
2080/04/20,19:35,2027,15,2041,293,1748,0,0,1748,-279
2080/04/21,19:35,2069,0,2069,312,1758,0,0,1758,-312
2080/04/22,19:35,2003,0,2003,312,1692,0,0,1692,-312
2080/04/23,19:30,1958,6,1964,371,1593,0,0,1593,-365
2080/04/24,19:30,2051,7,2059,398,1661,0,0,1661,-391
2080/04/25,19:35,2103,19,2121,318,1803,0,0,1803,-299
2080/04/26,19:35,1997,43,2039,242,1797,0,0,1797,-199
2080/04/27,19:30,2049,13,2062,411,1651,0,0,1651,-398
2080/04/28,19:35,1829,38,1867,209,1658,150,0,1808,-171
2080/04/29,19:35,2060,20,2080,340,1740,0,0,1740,-320
2080/04/30,19:40,2038,28,2066,275,1791,15,0,1806,-247
2080/04/31,19:30,2057,46,2102,244,1858,15,0,1873,-198
2080/04/32,19:25,2118,27,2145,283,1862,10,0,1872,-256
2080/05/1,19:25,2102,0,2102,305,1797,0,0,1797,-305
2080/05/2,19:30,2048,9,2056,335,1721,0,0,1721,-326
2080/05/3,19:30,2046,7,2053,281,1772,0,0,1772,-274
2080/05/4,19:30,1936,16,1953,337,1616,0,0,1616,-321
2080/05/5,19:25,2032,0,2032,375,1657,0,0,1657,-375
2080/05/6,19:25,1946,2,1948,323,1625,0,0,1625,-321
2080/05/7,19:30,1998,21,2019,425,1594,0,0,1594,-404
2080/05/8,19:25,1970,0,1970,397,1573,0,0,1573,-397
2080/05/9,19:25,1920,0,1920,468,1452,0,0,1452,-468
2080/05/10,19:25,1883,34,1916,394,1522,0,0,1522,-360
2080/05/11,19:25,1981,38,2019,354,1665,0,0,1665,-316
2080/05/12,19:25,2110,5,2115,384,1731,0,0,1731,-379
2080/05/13,19:35,1913,50,1963,220,1743,0,0,1743,-170
2080/05/14,19:25,2050,0,2050,427,1623,60,0,1683,-427
2080/05/15,19:25,2143,0,2143,421,1722,0,0,1722,-421
2080/05/16,19:25,2157,0,2157,397,1760,0,0,1760,-397
2080/05/17,19:20,2212,24,2235,347,1889,0,0,1889,-323
2080/05/18,19:20,2181,56,2237,356,1881,0,0,1881,-300
2080/05/19,19:20,2186,8,2194,382,1812,0,0,1812,-374
2080/05/20,19:20,2161,47,2207,352,1855,0,0,1855,-305
2080/05/21,19:00,2109,6,2114,395,1719,0,0,1719,-389
2080/05/22,19:30,2103,0,2103,383,1720,0,0,1720,-383
2080/05/23,19:15,1903,0,1903,369,1534,0,0,1534,-369
2080/05/24,19:15,2132,7,2138,357,1781,69,0,1850,-350
2080/05/25,19:15,2190,0,2190,416,1774,0,0,1774,-416
2080/05/26,19:10,2226,0,2226,410,1816,0,0,1816,-410
2080/05/27,19:15,2225,0,2225,324,1901,0,0,1901,-324
2080/05/28,19:05,2180,0,2180,371,1809,0,0,1809,-371
2080/05/29,19:05,2154,32,2185,361,1824,0,0,1824,-329
2080/05/30,19:05,2189,0,2189,352,1837,0,0,1837,-352
2080/05/31,18:55,2074,0,2074,375,1699,0,0,1699,-375
2080/06/1,19:25,1437,61,1498,18,1479,0,0,1479,43
2080/06/2,19:25,2022,0,2022,368,1654,0,0,1654,-368
2080/06/3,18:50,2112,51,2163,359,1804,0,0,1804,-309
2080/06/4,18:50,2140,21,2161,422,1739,0,0,1739,-401
2080/06/5,18:45,2139,0,2139,472,1667,0,0,1667,-472
2080/06/6,18:40,2085,0,2085,569,1516,0,0,1516,-569
2080/06/8,18:40,2138,0,2138,467,1671,0,0,1671,-467
2080/06/9,18:40,2184,0,2184,403,1782,0,0,1782,-403
2080/06/10,18:35,2265,0,2265,461,1804,0,0,1804,-461
2080/06/11,18:35,2275,21,2296,459,1837,50,0,1887,-438
2080/06/12,18:40,2246,29,2275,395,1880,0,0,1880,-366
2080/06/13,18:40,2036,49,2085,532,1552,0,0,1552,-484
2080/06/14,18:40,2244,35,2280,530,1750,0,0,1750,-495
2080/06/15,18:30,2196,0,2196,553,1643,0,0,1643,-553
2080/06/16,18:35,2177,0,2177,530,1647,0,0,1647,-530
2080/06/17,18:30,2208,7,2215,607,1608,0,0,1608,-601
2080/06/18,18:35,2201,0,2201,522,1678,0,0,1678,-522
2080/06/19,18:30,2251,0,2251,559,1692,0,0,1692,-559
2080/06/20,18:30,2183,0,2183,592,1592,0,0,1592,-592
2080/06/21,18:35,2149,0,2149,597,1552,40,0,1592,-597
2080/06/22,18:35,2268,9,2277,476,1801,0,0,1801,-467
2080/06/23,18:35,2304,5,2309,546,1763,0,0,1763,-541
2080/06/24,18:30,2281,0,2281,485,1796,0,0,1796,-485
2080/06/25,18:25,2287,0,2287,541,1747,0,0,1747,-541
2080/06/26,18:35,2291,2,2293,553,1740,0,0,1740,-551
2080/06/27,18:30,2230,0,2230,631,1599,0,0,1599,-631
2080/06/28,18:25,2297,0,2297,590,1707,0,0,1707,-590
2080/06/29,18:25,2119,0,2119,546,1573,0,0,1573,-546
2080/06/30,18:25,2181,0,2181,534,1647,0,0,1647,-534
2080/07/1,18:25,2113,0,2113,545,1568,0,0,1568,-545
2080/07/2,18:25,2068,0,2068,540,1529,0,0,1529,-540
2080/07/3,18:20,2076,0,2076,566,1510,0,0,1510,-566
2080/07/4,18:20,1956,0,1956,645,1311,0,0,1311,-645
2080/07/5,18:20,1965,0,1965,654,1311,0,0,1311,-654
2080/07/6,18:20,1949,0,1949,732,1216,0,0,1216,-732
2080/07/7,18:20,1777,0,1777,670,1107,0,0,1107,-670
2080/07/8,18:25,1978,0,1978,684,1294,0,0,1294,-684
2080/07/9,18:25,1991,0,1991,646,1345,0,0,1345,-646
2080/07/10,18:15,2025,0,2025,648,1378,0,0,1378,-648
2080/07/11,18:15,1996,0,1996,644,1352,0,0,1352,-644
2080/07/12,18:05,1990,0,1990,455,1535,0,0,1535,-455
2080/07/13,18:00,1972,0,1972,461,1511,0,0,1511,-461
2080/07/14,17:50,2023,0,2023,449,1574,30,0,1604,-449
2080/07/15,17:55,1915,0,1915,424,1491,85,0,1576,-424
2080/07/17,17:50,1940,0,1940,385,1555,0,0,1555,-385
2080/07/19,17:50,1941,0,1941,490,1451,85,0,1536,-490
2080/07/20,17:50,1934,0,1934,398,1536,40,0,1576,-398
2080/07/21,17:55,1970,0,1970,378,1592,0,0,1592,-378
2080/07/22,18:00,1997,0,1997,395,1602,0,0,1602,-395
2080/07/23,17:55,1965,0,1965,376,1589,0,0,1589,-376
2080/07/24,18:00,1985,0,1985,418,1567,0,0,1567,-418
2080/07/25,17:50,1940,0,1940,405,1535,0,0,1535,-405
2080/07/26,18:00,1955,0,1955,517,1438,0,0,1438,-517
2080/07/27,17:50,1959,0,1959,514,1444,0,0,1444,-514
2080/07/28,17:50,1895,0,1895,507,1388,0,0,1388,-507
2080/07/29,17:50,1865,0,1865,575,1290,0,0,1290,-575
2080/07/30,17:50,1885,0,1885,458,1427,0,0,1427,-458
2080/08/1,17:50,1857,0,1857,364,1493,0,0,1493,-364
2080/08/2,17:50,1795,0,1795,421,1374,0,0,1374,-421
2080/08/3,17:55,1834,0,1834,444,1390,0,0,1390,-444
2080/08/4,17:50,1832,0,1832,393,1439,0,0,1439,-393
2080/08/5,17:45,1888,0,1888,348,1540,0,0,1540,-348
2080/08/6,17:45,1868,0,1868,308,1560,0,0,1560,-308
2080/08/7,17:55,1830,0,1830,298,1532,150,0,1682,-298
2080/08/8,17:50,1888,0,1888,344,1544,0,0,1544,-344
2080/08/9,17:45,1796,0,1796,340,1456,0,0,1456,-340
2080/08/10,17:45,1839,0,1839,288,1551,20,0,1571,-288
2080/08/11,17:45,1791,0,1791,250,1541,40,0,1581,-250
2080/08/12,17:40,1816,0,1816,239,1577,20,0,1597,-239
2080/08/13,17:40,1807,0,1807,247,1560,0,0,1560,-247
2080/08/14,17:45,1771,0,1771,243,1528,50,0,1578,-243
2080/08/15,17:45,1635,0,1635,146,1489,80,0,1569,-146
2080/08/16,17:50,1587,0,1587,114,1473,0,0,1473,-114
2080/08/17,17:50,1682,0,1682,56,1626,0,0,1626,-56
2080/08/18,17:50,1625,28,1652,97,1555,60,0,1615,-69
2080/08/18,17:50,1625,28,1652,97,1555,60,0,1615,-69
2080/08/20,17:50,1641,10,1651,0,1651,50,0,1701,10
2080/08/21,17:50,1482,114,1596,0,1596,10,0,1606,114
2080/08/22,17:50,1660,0,1660,53,1607,0,0,1607,-53
2080/08/23,17:50,1575,19,1594,61,1533,0,0,1533,-42
2080/08/24,17:50,1688,0,1688,33,1655,0,0,1655,-33
2080/08/25,17:50,1720,0,1720,17,1703,0,0,1703,-17
2080/08/26,17:55,1717,0,1717,35,1682,35,0,1717,-35
2080/08/27,17:55,1676,25,1701,32,1669,0,0,1669,-7
2080/08/28,17:50,1633,63,1696,23,1673,40,0,1713,40
2080/08/29,17:45,1701,21,1722,30,1692,0,0,1692,-9
2080/08/30,17:45,1570,24,1594,35,1559,0,0,1559,-11
2080/09/1,17:50,1636,49,1685,0,1685,30,0,1715,49
2080/09/2,17:50,1634,35,1669,0,1669,95,0,1764,35
2080/09/3,17:55,1631,50,1682,0,1682,80,0,1762,50
2080/09/4,17:50,1685,11,1696,0,1696,120,0,1816,11
2080/09/5,17:50,1678,22,1700,0,1700,120,0,1820,22
2080/09/6,17:45,1632,31,1663,0,1663,120,0,1783,31
2080/09/7,17:50,1579,9,1588,0,1588,101,0,1689,9
2080/09/8,17:50,1588,52,1640,0,1640,110,0,1750,52
2080/09/9,17:50,1587,72,1659,0,1659,70,0,1729,72
2080/09/10,17:50,1572,33,1605,0,1605,70,0,1675,33
2080/09/11,17:45,1551,68,1619,0,1619,70,0,1689,68
2080/09/12,17:50,1583,36,1619,0,1619,80,0,1699,36
2080/09/13,17:55,1557,77,1634,0,1634,90,0,1724,77
2080/09/14,17:55,1492,58,1550,0,1550,0,0,1550,58
2080/09/16,18:05,1582,37,1618,0,1618,100,0,1718,37
2080/09/17,17:50,1606,49,1656,0,1656,100,0,1756,49
2080/09/18,17:50,1505,146,1650,0,1650,120,0,1770,146
2080/09/19,17:50,1537,93,1630,0,1630,80,0,1710,93
2080/09/20,17:50,1472,125,1597,0,1597,120,0,1717,125
2080/09/21,18:00,1409,126,1535,0,1535,60,0,1595,126
2080/09/22,17:50,1357,272,1629,0,1629,80,0,1709,272
2080/09/23,17:50,1398,242,1640,0,1640,80,0,1720,242
2080/09/24,18:05,1339,285,1624,0,1624,80,0,1704,285
2080/09/25,18:00,1361,314,1674,0,1674,80,0,1754,314
2080/09/26,18:05,1366,283,1650,0,1650,80,0,1730,283
2080/09/27,18:05,1303,280,1583,0,1583,80,0,1663,280
2080/09/28,18:05,1373,218,1591,0,1591,120,0,1711,218
2080/09/29,18:15,1314,280,1595,0,1595,120,0,1715,280
2080/10/1,18:10,1368,218,1587,0,1587,0,0,1587,218
2080/10/2,18:10,1425,207,1631,0,1631,200,0,1831,207
2080/10/3,18:10,1325,284,1608,0,1608,250,0,1858,284
2080/10/4,18:05,1317,304,1621,0,1621,235,0,1856,304
2080/10/5,18:15,1409,210,1619,0,1619,225,0,1844,210
2080/10/6,18:35,1414,217,1631,0,1631,200,0,1831,217
2080/10/7,18:20,1355,408,1763,0,1763,200,0,1963,408
2080/10/8,18:20,1416,232,1648,0,1648,200,0,1848,232
2080/10/9,18:25,1401,243,1644,0,1644,200,0,1844,243
2080/10/10,18:20,1356,270,1626,0,1626,200,0,1826,270
2080/10/11,18:20,1351,338,1689,0,1689,200,0,1889,338
2080/10/12,18:15,1274,461,1735,0,1735,280,0,2015,461
2080/10/13,18:30,1307,412,1720,0,1720,210,0,1930,412
2080/10/14,18:20,1285,422,1708,0,1708,280,0,1988,422
2080/10/15,18:25,1355,325,1681,0,1681,280,0,1961,325
2080/10/16,18:30,1342,336,1678,0,1678,250,0,1928,336
2080/10/17,18:35,1324,396,1719,0,1719,200,0,1919,396
2080/10/18,18:30,1269,472,1741,0,1741,280,0,2021,472
2080/10/19,18:35,1232,409,1641,0,1641,280,0,1921,409
2080/10/20,18:30,1168,452,1620,0,1620,230,0,1850,452
2080/10/21,18:35,1088,556,1644,0,1644,230,0,1874,556
2080/10/22,18:30,1143,498,1641,0,1641,250,0,1891,498
2080/10/23,18:35,1231,492,1723,0,1723,250,0,1973,492
2080/10/24,18:40,1343,277,1621,0,1621,280,0,1901,277
2080/10/26,18:40,1384,260,1644,0,1644,250,0,1894,260
2080/10/27,18:35,1328,222,1550,0,1550,250,0,1800,222
2080/10/28,18:30,1090,473,1562,0,1562,300,0,1862,473
2080/10/29,18:35,1248,313,1562,0,1562,300,0,1862,313
2080/11/1,18:35,1226,363,1589,0,1589,250,0,1839,363
2080/11/2,18:35,1004,569,1574,0,1574,300,0,1874,569
2080/11/3,18:35,1288,353,1641,0,1641,250,0,1891,353
2080/11/4,18:40,1167,362,1529,0,1529,300,0,1829,362
2080/11/5,18:30,1177,397,1573,0,1573,250,0,1823,397
2080/11/6,18:35,1110,477,1587,0,1587,250,0,1837,477
2080/11/7,18:35,1143,456,1599,0,1599,250,0,1849,456
2080/11/8,18:30,1169,372,1541,0,1541,280,0,1821,372
2080/11/9,18:35,1090,400,1490,0,1490,280,0,1770,400
2080/11/10,18:40,1030,459,1490,0,1490,280,0,1770,459
2080/11/11,18:40,1152,400,1551,0,1551,280,0,1831,400
2080/11/12,18:40,1104,421,1525,0,1525,250,0,1775,421
2080/11/13,18:40,979,634,1613,0,1613,250,0,1863,634
2080/11/14,18:45,1232,380,1612,0,1612,250,0,1862,380
2080/11/15,18:50,992,601,1592,0,1592,250,0,1842,601
2080/11/16,18:40,983,601,1584,0,1584,250,0,1834,601
2080/11/17,18:45,931,629,1560,0,1560,280,0,1840,629
2080/11/18,18:45,943,591,1534,0,1534,290,0,1824,591
2080/11/19,18:45,1026,410,1436,0,1436,250,0,1686,410
2080/11/20,18:50,1034,398,1431,0,1431,270,0,1701,398
2080/11/21,18:45,1119,628,1747,0,1747,50,0,1797,628
2080/11/22,18:45,1124,509,1633,0,1633,200,0,1833,509
2080/11/23,18:55,1012,618,1630,0,1630,100,0,1730,618
2080/11/25,18:50,1185,379,1564,0,1564,100,0,1664,379
2080/11/26,18:50,1142,460,1601,0,1601,100,0,1701,460
2080/11/27,18:45,1066,643,1709,0,1709,120,0,1829,643
2080/11/28,18:50,1117,445,1562,0,1562,250,0,1812,445
2080/11/29,18:50,1040,621,1660,0,1660,200,0,1860,621
2080/11/30,18:50,1230,368,1597,0,1597,200,0,1797,368
2080/12/1,18:45,1215,386,1601,0,1601,200,0,1801,386
2080/12/2,18:45,954,528,1483,0,1483,300,0,1783,528
2080/12/3,18:45,1062,459,1521,0,1521,250,0,1771,459
2080/12/4,18:50,1100,504,1604,0,1604,280,0,1884,504
2080/12/5,18:50,1210,346,1557,0,1557,300,0,1857,346
2080/12/6,18:45,1112,523,1635,0,1635,250,0,1885,523
2080/12/7,18:45,984,648,1632,0,1632,80,0,1712,648
2080/12/8,18:45,1057,591,1647,0,1647,150,0,1797,591
2080/12/9,18:45,974,668,1642,0,1642,150,0,1792,668
2080/12/10,18:50,978,485,1463,0,1463,275,0,1738,485
2080/12/11,18:50,1046,390,1436,0,1436,0,0,1436,390
2080/12/12,18:50,1094,194,1287,0,1287,0,0,1287,194
2080/12/13,18:50,1086,194,1279,0,1279,0,0,1279,194
2080/12/14,18:50,969,569,1538,0,1538,0,0,1538,569
2080/12/15,18:50,1101,407,1508,0,1508,0,0,1508,407
2080/12/16,18:45,1166,422,1588,0,1588,80,0,1668,422
2080/12/17,18:45,1082,462,1544,0,1544,80,0,1624,462
2080/12/18,18:55,1446,101,1547,0,1547,260,0,1807,101
2080/12/19,18:55,1498,97,1595,12,1583,250,0,1833,85
2080/12/20,18:50,1495,111,1606,0,1606,300,0,1906,111
2080/12/21,18:55,1480,141,1621,0,1621,300,0,1921,141
2080/12/22,19:00,1491,127,1618,0,1618,300,0,1918,127
2080/12/23,19:00,1403,178,1581,0,1581,300,0,1881,178
2080/12/24,19:05,1386,143,1529,0,1529,300,0,1829,143
2080/12/25,18:55,1319,172,1491,0,1491,370,0,1861,172
2080/12/26,18:55,1348,215,1563,0,1563,300,0,1863,215
2080/12/27,18:55,1331,201,1532,0,1532,300,0,1832,201
2080/12/28,19:00,1293,285,1578,0,1578,270,0,1848,285
2080/12/29,19:00,1167,129,1296,0,1296,320,0,1616,129
2080/12/30,18:50,1438,153,1590,0,1590,320,0,1910,153
2081/01/1,19:00,1419,55,1474,0,1474,200,0,1674,55
2081/01/2,18:55,1490,173,1663,0,1663,250,0,1913,173
2081/01/3,19:05,1291,334,1625,0,1625,300,0,1925,334
2081/01/4,19:10,1405,154,1558,0,1558,250,0,1808,154
2081/01/5,19:05,1197,492,1688,0,1688,150,0,1838,492
2081/01/6,18:55,1541,136,1677,0,1677,250,0,1927,136
2081/01/7,18:55,1610,39,1649,0,1649,250,0,1899,39
2081/01/8,18:50,1547,71,1618,0,1618,200,0,1818,71
2081/01/9,19:00,1579,191,1770,0,1770,200,0,1970,191
2081/01/10,19:15,1571,281,1852,0,1852,220,0,2072,281
2081/01/11,19:00,1556,185,1742,0,1742,250,0,1992,185
2081/01/12,19:00,1438,280,1718,0,1718,300,0,2018,280
2081/01/13,19:05,1152,499,1651,0,1651,305,0,1956,499
2081/01/14,19:00,1277,464,1740,0,1740,300,0,2040,464
2081/01/15,19:00,1380,232,1611,0,1611,300,0,1911,232
2081/01/16,18:55,1053,637,1690,0,1690,280,0,1970,637
2081/01/17,18:55,1313,338,1651,0,1651,250,0,1901,338
2081/01/18,19:00,1295,462,1758,0,1758,250,0,2008,462
2081/01/19,19:10,1137,520,1657,0,1657,300,0,1957,520
2081/01/20,18:55,1359,236,1595,0,1595,350,0,1945,236
2081/01/21,18:55,1415,216,1631,0,1631,250,0,1881,216
2081/01/22,19:00,1516,167,1682,0,1682,250,0,1932,167
2081/01/23,18:55,1310,351,1661,0,1661,280,0,1941,351
2081/01/24,19:00,1332,254,1586,0,1586,250,0,1836,254
2081/01/25,19:05,965,401,1366,0,1366,150,0,1516,401
2081/01/26,19:00,1341,149,1490,0,1490,150,0,1640,149
2081/01/27,19:00,1379,164,1543,0,1543,250,0,1793,164
2081/01/28,19:05,1345,247,1593,0,1593,260,0,1853,247
2081/01/29,19:10,1381,186,1567,0,1567,250,0,1817,186
2081/01/30,19:20,1350,156,1505,0,1505,250,0,1755,156
2081/01/31,19:20,1627,130,1757,0,1757,175,0,1932,130
2081/02/1,19:20,1601,167,1768,0,1768,230,0,1998,167
2081/02/2,19:15,1377,227,1604,0,1604,250,0,1854,227
2081/02/3,19:20,1573,206,1779,0,1779,300,0,2079,206
2081/02/4,19:20,1539,219,1758,0,1758,280,0,2038,219
2081/02/5,19:20,1593,128,1721,0,1721,150,0,1871,128
2081/02/6,19:15,1467,215,1682,0,1682,300,0,1982,215
2081/02/7,19:25,1548,80,1628,12,1616,300,0,1916,68
2081/02/8,19:20,1593,115,1709,0,1709,300,0,2009,115
2081/02/9,19:15,1460,107,1567,0,1567,250,0,1817,107
2081/02/10,19:25,1712,131,1844,0,1844,200,0,2044,131
2081/02/11,19:30,1563,117,1680,0,1680,250,0,1930,117
2081/02/12,19:30,1634,80,1714,0,1714,250,0,1964,80
2081/02/13,19:30,1428,327,1754,0,1754,150,0,1904,327
2081/02/14,19:30,1554,47,1601,1,1600,300,0,1900,45
2081/02/15,19:30,1831,47,1878,9,1869,150,0,2019,38
2081/02/16,19:30,2003,55,2059,197,1862,350,0,2212,-142
2081/02/17,19:30,1538,38,1576,247,1329,350,0,1679,-209
2081/02/18,19:20,1885,57,1942,137,1805,350,0,2155,-81
2081/02/19,19:20,1471,15,1486,116,1370,150,0,1520,-101
2081/02/20,19:35,1764,46,1811,67,1744,150,0,1894,-21
2081/02/21,19:30,1729,75,1804,130,1674,200,0,1874,-56
2081/02/22,19:25,1770,28,1798,113,1685,150,0,1835,-85
2081/02/23,19:25,1765,70,1835,116,1719,270,0,1989,-46
2081/02/24,19:35,1803,64,1866,117,1749,250,0,1999,-53
2081/02/25,19:30,1813,75,1888,91,1797,200,0,1997,-16
2081/02/26,19:25,1776,86,1862,104,1758,200,0,1958,-18
2081/02/27,19:35,1868,93,1961,75,1886,250,0,2136,19
2081/02/28,19:35,1886,86,1973,130,1842,250,0,2092,-44
2081/02/29,19:30,1874,81,1956,105,1851,220,0,2071,-24
2081/02/30,19:40,1993,34,2027,102,1925,280,0,2205,-68
2081/02/31,19:35,1884,33,1917,122,1795,250,0,2045,-89
2081/02/32,19:40,1913,26,1938,124,1814,150,0,1964,-99
2081/03/1,19:35,2003,20,2023,213,1811,150,0,1961,-192
2081/03/2,19:30,1983,13,1996,159,1837,150,0,1987,-146
2081/03/3,19:35,1983,58,2041,175,1866,150,0,2016,-117
2081/03/4,19:30,1993,54,2047,278,1769,150,0,1919,-224
2081/03/5,19:35,2169,9,2178,357,1821,100,0,1921,-348
2081/03/6,19:30,2155,23,2179,429,1750,120,0,1870,-406
2081/03/7,19:25,2252,41,2293,395,1898,80,0,1978,-354
2081/03/8,19:40,2142,28,2170,269,1901,150,0,2051,-241
2081/03/9,19:40,2231,69,2299,342,1958,80,0,2038,-273
2081/03/10,19:45,2207,74,2281,301,1980,100,0,2080,-227
2081/03/11,19:40,2267,54,2321,306,2015,50,0,2065,-251
2081/03/12,19:45,2183,0,2183,433,1750,50,0,1800,-433
2081/03/13,19:45,2260,15,2275,453,1822,60,0,1882,-438
2081/03/14,19:40,2288,7,2294,396,1898,60,0,1958,-389
2081/03/15,19:45,2310,0,2310,541,1769,0,0,1769,-541
2081/03/16,19:45,2270,0,2270,385,1885,0,0,1885,-385
2081/03/17,19:45,2338,0,2338,460,1878,0,0,1878,-460
2081/03/18,19:40,2276,0,2276,467,1810,0,0,1810,-467
2081/03/19,19:40,2282,0,2282,574,1708,0,0,1708,-574
2081/03/20,19:40,2324,0,2324,523,1801,40,0,1841,-523
2081/03/21,19:45,2259,0,2259,588,1671,0,0,1671,-588
2081/03/22,19:50,2039,61,2100,530,1570,250,0,1820,-469
2081/03/23,19:45,2287,0,2287,588,1699,0,0,1699,-588
2081/03/24,19:40,2304,0,2304,580,1724,0,0,1724,-580
2081/03/25,19:45,2361,0,2361,538,1823,0,0,1823,-538
2081/03/26,19:40,2374,0,2374,669,1705,0,0,1705,-669
2081/03/27,19:45,2392,0,2392,737,1655,0,0,1655,-737
2081/03/28,19:40,2313,0,2313,720,1593,0,0,1593,-720
2081/03/29,19:45,2314,0,2314,696,1618,0,0,1618,-696
2081/03/30,19:50,2458,0,2458,720,1738,0,0,1738,-720
2081/03/31,19:40,2416,0,2416,689,1727,50,0,1777,-689
2081/04/1,19:40,2401,0,2401,646,1755,0,0,1755,-646
2081/04/2,19:35,2469,0,2469,603,1866,0,0,1866,-603
2081/04/3,19:35,2436,0,2436,650,1786,0,0,1786,-650
2081/04/4,19:35,2550,0,2550,708,1843,0,0,1843,-708
2081/04/5,19:35,2363,0,2363,670,1693,0,0,1693,-670
2081/04/6,19:35,2422,0,2422,600,1822,80,0,1902,-600
2081/04/7,19:40,2490,0,2490,628,1862,0,0,1862,-628
2081/04/8,19:40,2574,0,2574,680,1894,0,0,1894,-680
2081/04/9,19:45,2676,0,2676,682,1994,20,0,2014,-682
2081/04/10,19:40,2613,0,2613,597,2016,0,0,2016,-597
2081/04/11,19:45,2655,0,2655,647,2008,20,0,2028,-647
2081/04/12,19:50,2525,0,2525,563,1962,0,0,1962,-563
2081/04/13,19:35,2595,0,2595,617,1978,100,0,2078,-617
2081/04/14,19:45,2591,0,2591,504,2087,0,0,2087,-504
2081/04/15,19:35,2649,0,2649,537,2112,80,0,2192,-537
2081/04/16,19:50,2611,0,2611,552,2060,70,0,2130,-552
2081/04/17,19:40,2480,0,2480,706,1774,220,0,1994,-706
2081/04/18,19:35,2261,0,2261,556,1705,150,0,1855,-556
2081/04/19,19:55,2328,0,2328,634,1694,0,0,1694,-634
2081/04/20,19:45,2367,0,2367,542,1825,120,0,1945,-542
2081/04/21,19:40,2444,0,2444,551,1893,200,0,2093,-551
2081/04/22,19:55,2553,0,2553,690,1863,0,0,1863,-690
2081/04/23,19:55,2634,0,2634,705,1929,0,0,1929,-705
2081/04/24,19:55,2537,0,2537,615,1922,0,0,1922,-615
2081/04/25,0:00,0,0,0,0,0,0,0,0,0
2081/04/26,0:00,0,0,0,0,0,0,0,0,0
2081/04/27,0:00,0,0,0,0,0,0,0,0,0
2081/04/28,0:00,0,0,0,0,0,0,0,0,0
2081/04/29,19:40,2698,0,2698,668,2030,0,0,2030,-668
2081/04/30,19:30,2573,0,2573,697,1876,0,0,1876,-697
2081/04/31,19:25,2643,0,2643,640,2003,70,0,2073,-640
2081/04/32,19:35,2660,0,2660,648,2012,0,0,2012,-648
2081/05/1,19:25,2635,0,2635,667,1968,0,0,1968,-667
2081/05/2,19:30,2624,0,2624,701,1923,0,0,1923,-701
2081/05/3,19:30,2402,0,2402,690,1712,0,0,1712,-690
2081/05/4,19:25,2504,0,2504,703,1801,0,0,1801,-703
2081/05/5,19:25,2513,0,2513,689,1825,0,0,1825,-689
2081/05/6,19:25,2538,0,2538,636,1903,0,0,1903,-636
2081/05/7,19:20,2586,0,2586,744,1842,0,0,1842,-744
2081/05/8,19:25,2451,0,2451,653,1798,100,0,1898,-653
2081/05/10,19:20,2427,0,2427,614,1813,0,0,1813,-614
2081/05/11,19:20,2600,0,2600,699,1900,0,0,1900,-699
2081/05/12,19:30,2683,0,2683,681,2002,0,0,2002,-681
2081/05/13,19:20,2644,0,2644,813,1831,120,0,1951,-813
2081/05/14,19:25,2732,0,2732,659,2072,50,0,2122,-659
2081/05/15,19:15,2459,0,2459,514,1945,0,0,1945,-514
2081/05/16,19:15,2640,0,2640,614,2026,0,0,2026,-614
2081/05/17,19:25,2758,0,2758,778,1980,100,0,2080,-778
2081/05/18,19:20,2618,0,2618,745,1873,80,0,1953,-745
2081/05/19,19:20,2668,0,2668,763,1905,50,0,1955,-763
2081/05/20,19:15,2601,12,2612,769,1844,180,0,2024,-757
2081/05/21,19:15,2643,12,2655,804,1851,0,0,1851,-792
2081/05/22,19:15,2779,12,2791,803,1988,0,0,1988,-791
2081/05/23,19:20,2689,12,2700,601,2099,0,0,2099,-590
2081/05/24,19:15,2752,12,2764,689,2076,50,0,2126,-677
2081/05/25,19:20,2770,11,2781,612,2169,0,0,2169,-601
2081/05/26,19:20,2748,12,2760,664,2096,0,0,2096,-653
2081/05/27,19:15,2495,12,2507,578,1929,250,0,2179,-566
2081/05/28,19:15,2685,13,2698,597,2101,0,0,2101,-584
2081/05/29,19:15,2488,9,2497,618,1879,0,0,1879,-609
2081/05/30,19:05,2595,10,2605,670,1934,0,0,1934,-660
2081/05/31,19:10,2623,9,2632,745,1888,0,0,1888,-735
2081/06/1,19:25,1441,61,1502,18,1483,0,0,1483,43
2081/06/2,19:25,2026,0,2026,368,1658,0,0,1658,-368
2081/06/3,18:50,2117,51,2167,359,1808,0,0,1808,-309
2081/06/4,18:50,2146,21,2167,422,1745,0,0,1745,-401
2081/06/5,18:45,2144,0,2144,472,1672,0,0,1672,-472
2081/06/6,18:40,2087,0,2087,569,1518,0,0,1518,-569
2081/06/7,18:40,2151,0,2151,483,1668,0,0,1668,-483
2081/06/8,18:40,2146,0,2146,467,1679,0,0,1679,-467
2081/06/9,18:40,2188,0,2188,403,1786,0,0,1786,-403
2081/06/10,18:35,2275,0,2275,461,1814,0,0,1814,-461
2081/06/11,18:35,2281,21,2302,459,1843,50,0,1893,-438
2081/06/12,18:40,2253,29,2282,395,1887,0,0,1887,-366
2081/06/13,18:40,2041,49,2090,532,1557,0,0,1557,-484
2081/06/14,18:40,2252,35,2287,530,1757,0,0,1757,-495
2081/06/15,18:30,2202,0,2202,553,1649,0,0,1649,-553
2081/06/16,18:35,2195,0,2195,530,1665,0,0,1665,-530
2081/06/17,18:30,2217,7,2224,607,1617,0,0,1617,-601
2081/06/18,18:35,2201,0,2201,522,1678,0,0,1678,-522
2081/06/19,18:30,2251,0,2251,559,1692,0,0,1692,-559
2081/06/20,18:30,2183,0,2183,592,1592,0,0,1592,-592
2081/06/21,18:35,2149,0,2149,597,1552,40,0,1592,-597
2081/06/22,18:35,2268,9,2277,476,1801,0,0,1801,-467
2081/06/23,18:35,2304,5,2309,546,1763,0,0,1763,-541
2081/06/24,18:30,2281,0,2281,485,1796,0,0,1796,-485
2081/06/25,18:25,2287,0,2287,541,1747,0,0,1747,-541
2081/06/26,18:35,2291,2,2293,553,1740,0,0,1740,-551
2081/06/27,18:30,2230,0,2230,631,1599,0,0,1599,-631
2081/06/28,18:25,2297,0,2297,590,1707,0,0,1707,-590
2081/06/29,18:25,2119,0,2119,546,1573,0,0,1573,-546
2081/06/30,18:25,2181,0,2181,534,1647,0,0,1647,-534
2081/07/1,18:20,2043,0,2043,329,1713,50,0,1763,-329
2081/07/2,18:15,2050,0,2050,282,1768,50,0,1818,-282
2081/07/3,18:10,1987,0,1987,342,1645,50,0,1695,-342
2081/07/4,18:20,2043,0,2043,288,1755,110,0,1865,-288
2081/07/5,18:20,2002,0,2002,305,1697,150,0,1847,-305
2081/07/6,18:20,2003,0,2003,237,1766,180,0,1946,-237
2081/07/7,18:10,1996,0,1996,174,1822,100,0,1922,-174
2081/07/8,18:20,1994,0,1994,302,1693,170,0,1863,-302
2081/07/9,18:10,1958,0,1958,305,1653,180,0,1833,-305
2081/07/10,18:15,1907,0,1907,292,1615,180,0,1795,-292
2081/07/11,18:20,1990,0,1990,296,1694,130,0,1824,-296
2081/07/12,18:10,1985,0,1985,257,1728,100,0,1828,-257
2081/07/13,18:05,1966,0,1966,241,1725,130,0,1855,-241
2081/07/14,18:10,1954,0,1954,305,1649,150,0,1799,-305
2081/07/15,18:25,1867,0,1867,253,1614,0,0,1614,-253
2081/07/16,18:10,1972,0,1972,315,1657,0,0,1657,-315
2081/07/17,18:15,1916,0,1916,342,1574,0,0,1574,-342
2081/07/18,18:10,1985,0,1985,257,1728,100,0,1828,-257
2081/07/19,18:10,1985,0,1985,257,1728,100,0,1828,-257
2081/07/20,18:15,1868,0,1868,368,1500,60,0,1560,-368
2081/07/21,17:55,1934,0,1934,328,1606,0,0,1606,-328
2081/07/22,18:10,1870,0,1870,378,1491,0,0,1491,-378
2081/07/23,18:05,1912,0,1912,370,1542,0,0,1542,-370
2081/07/24,18:10,1922,0,1922,396,1526,0,0,1526,-396
2081/07/25,18:10,1842,0,1842,230,1612,90,0,1702,-230
2081/07/26,17:55,1826,0,1826,185,1641,80,0,1721,-185
2081/07/27,17:50,1751,0,1751,149,1602,60,0,1662,-149
2081/07/28,17:55,1775,0,1775,143,1632,70,0,1702,-143
2081/07/29,18:10,1709,0,1709,63,1646,120,0,1766,-63
2081/07/30,18:00,1741,0,1741,123,1618,150,0,1768,-123
2081/08/1,17:55,1707,0,1707,133,1573,120,0,1693,-133
2081/08/2,17:50,1762,0,1762,76,1686,120,0,1806,-76
2081/08/3,18:05,1736,0,1736,40,1695,140,0,1835,-40
2081/08/4,18:00,1651,0,1651,2,1649,150,0,1799,-2
2081/08/5,17:50,1652,0,1652,28,1624,150,0,1774,-28
2081/08/6,17:50,1592,0,1592,6,1586,200,0,1786,-6
2081/08/7,17:45,1584,0,1584,5,1579,150,0,1729,-5
2081/08/8,17:40,1668,0,1668,122,1546,60,0,1606,-122
2081/08/9,17:50,1616,0,1616,24,1592,150,0,1742,-24
2081/08/10,17:50,1642,0,1642,0,1642,150,0,1792,0
2081/08/11,17:45,1661,0,1661,0,1661,150,0,1811,0
2081/08/12,17:45,1609,4,1613,0,1613,150,0,1763,4
2081/08/13,17:40,1601,6,1607,0,1607,190,0,1797,6
2081/08/14,17:55,1662,0,1662,2,1660,190,0,1850,-2
2081/08/16,17:50,1586,33,1619,0,1619,230,0,1849,33
2081/08/17,17:40,1559,24,1583,0,1583,230,0,1813,24
2081/08/18,17:45,1495,38,1532,0,1532,250,0,1782,38
2081/08/19,17:50,1575,66,1641,0,1641,250,0,1891,66
2081/08/20,17:50,1519,68,1587,0,1587,260,0,1847,68
2081/08/21,17:50,1497,68,1565,0,1565,300,0,1865,68
2081/08/22,17:45,1494,56,1551,0,1551,200,0,1751,56
2081/08/23,17:50,1567,40,1608,0,1608,280,0,1888,40
2081/08/24,17:40,1456,71,1527,0,1527,300,0,1827,71
2081/08/25,17:45,1495,75,1570,0,1570,300,0,1870,75
2081/08/26,17:45,1496,91,1588,0,1588,350,0,1938,91
2081/08/27,17:40,1468,85,1553,0,1553,330,0,1883,85
2081/08/28,17:40,1453,108,1561,0,1561,330,0,1891,108
2081/08/29,17:40,1463,71,1534,0,1534,350,0,1884,71
2081/08/30,17:50,1437,214,1651,0,1651,350,0,2001,214
2081/09/1,17:50,1428,150,1578,0,1578,370,0,1948,150
2081/09/2,17:50,1397,235,1632,0,1632,370,0,2002,235
2081/09/3,17:55,1386,222,1608,0,1608,370,0,1978,222
2081/09/4,17:55,1375,236,1611,0,1611,370,0,1981,236
2081/09/5,17:55,1381,215,1596,0,1596,370,0,1966,215
2081/09/6,18:00,1379,177,1556,0,1556,360,0,1916,177
2081/09/7,17:50,1357,266,1623,0,1623,360,0,1983,266
2081/09/8,18:00,1384,290,1674,0,1674,360,0,2034,290
2081/09/9,17:55,1313,368,1681,0,1681,360,0,2041,368
2081/09/10,17:50,1394,197,1591,0,1591,360,0,1951,197
2081/09/11,17:55,1458,261,1719,0,1719,350,0,2069,261
2081/09/12,17:55,1452,216,1668,8,1660,360,0,2020,208
2081/09/13,17:55,1448,217,1664,0,1664,250,0,1914,217
2081/09/14,17:55,1442,249,1690,0,1690,300,0,1990,249
2081/09/15,17:55,1423,279,1702,0,1702,320,0,2022,279
2081/09/16,17:45,1401,257,1659,0,1659,320,0,1979,257
2081/09/17,18:00,1442,238,1680,0,1680,320,0,2000,238
2081/09/18,18:00,1465,222,1687,0,1687,320,0,2007,222
2081/09/19,17:50,1468,269,1737,0,1737,300,0,2037,269
2081/09/20,18:00,1470,259,1730,0,1730,300,0,2030,259
2081/09/21,17:50,1421,296,1717,0,1717,320,0,2037,296
2081/09/22,17:50,1422,221,1642,0,1642,350,0,1992,221
2081/09/23,18:00,1426,260,1686,0,1686,350,0,2036,260
2081/09/24,18:10,1467,274,1741,0,1741,350,0,2091,274
2081/09/25,18:00,1451,266,1717,0,1717,350,0,2067,266
2081/09/26,18:05,1434,241,1675,0,1675,350,0,2025,241
2081/09/27,17:55,1367,211,1578,0,1578,350,0,1928,211
